{"cameraMode":{"drawMode":0,"name":"Shaded","section":"Shading Mode"},"sceneLighting":false,"audioPlay":false,"sceneViewState":{"m_AlwaysRefresh":false,"showFog":true,"showSkybox":false,"showFlares":true,"showImageEffects":true,"showParticleSystems":true,"showVisualEffectGraphs":true,"m_FxEnabled":true},"in2DMode":false,"pivot":{"x":9.600000381469727,"y":1.4500000476837159,"z":12.989999771118164},"rotation":{"x":-0.2182167023420334,"y":-0.23531131446361543,"z":0.05430983006954193,"w":-0.9455680251121521},"size":0.08660273253917694,"orthographic":false}