{"cameraMode":{"drawMode":0,"name":"Shaded","section":"Shading Mode"},"sceneLighting":true,"audioPlay":false,"sceneViewState":{"m_AlwaysRefresh":false,"showFog":true,"showSkybox":true,"showFlares":true,"showImageEffects":true,"showParticleSystems":true,"showVisualEffectGraphs":true,"m_FxEnabled":true},"in2DMode":false,"pivot":{"x":12.275554656982422,"y":0.108695387840271,"z":12.193265914916993},"rotation":{"x":0.13115139305591584,"y":0.4066261947154999,"z":-0.059019800275564197,"w":0.9022970199584961},"size":2.188322067260742,"orthographic":false}