{"cameraMode":{"drawMode":0,"name":"Shaded","section":"Shading Mode"},"sceneLighting":true,"audioPlay":false,"sceneViewState":{"m_AlwaysRefresh":false,"showFog":true,"showSkybox":true,"showFlares":true,"showImageEffects":true,"showParticleSystems":true,"showVisualEffectGraphs":true,"m_FxEnabled":true},"in2DMode":false,"pivot":{"x":2.3949999809265138,"y":3.0141401290893556,"z":2.3578708171844484},"rotation":{"x":0.37512508034706118,"y":0.011546296998858452,"z":-0.0022580993827432396,"w":0.9275037050247192},"size":6.699039936065674,"orthographic":false}