{"cameraMode":{"drawMode":0,"name":"Shaded","section":"Shading Mode"},"sceneLighting":true,"audioPlay":false,"sceneViewState":{"m_AlwaysRefresh":false,"showFog":true,"showSkybox":true,"showFlares":true,"showImageEffects":true,"showParticleSystems":true,"showVisualEffectGraphs":true,"m_FxEnabled":true},"in2DMode":false,"pivot":{"x":0.27105987071990969,"y":-1.9475164413452149,"z":17.761959075927736},"rotation":{"x":0.3315911889076233,"y":0.007083547301590443,"z":-0.000131256427266635,"w":0.9439319968223572},"size":12.185988426208496,"orthographic":false}