{"cameraMode":{"drawMode":0,"name":"Shaded","section":"Shading Mode"},"sceneLighting":true,"audioPlay":false,"sceneViewState":{"m_AlwaysRefresh":false,"showFog":true,"showSkybox":true,"showFlares":true,"showImageEffects":true,"showParticleSystems":true,"showVisualEffectGraphs":true,"m_FxEnabled":true},"in2DMode":false,"pivot":{"x":28.39389419555664,"y":-0.3314504623413086,"z":10.976423263549805},"rotation":{"x":-0.33651119470596316,"y":-0.40346941351890566,"z":0.16242195665836335,"w":-0.835647463798523},"size":10.841282844543457,"orthographic":false}