{"cameraMode":{"drawMode":0,"name":"Shaded","section":"Shading Mode"},"sceneLighting":false,"audioPlay":false,"sceneViewState":{"showFog":true,"showMaterialUpdate":false,"showSkybox":false,"showFlares":true,"showImageEffects":true,"showParticleSystems":true},"in2DMode":false,"pivot":{"x":0.0,"y":0.4009999930858612,"z":0.05000000074505806},"rotation":{"x":0.20249195396900178,"y":0.03140195831656456,"z":-0.00664697028696537,"w":0.9788263440132141},"size":0.05000000074505806,"orthographic":false}