{"cameraMode":{"drawMode":0,"name":"Shaded","section":"Shading Mode"},"sceneLighting":false,"audioPlay":false,"sceneViewState":{"showFog":true,"showMaterialUpdate":false,"showSkybox":false,"showFlares":true,"showImageEffects":true,"showParticleSystems":true},"in2DMode":false,"pivot":{"x":-12.698509216308594,"y":8.054360389709473,"z":18.3270320892334},"rotation":{"x":0.13467293977737428,"y":-0.8364675641059876,"z":0.2369130253791809,"w":0.4754902422428131},"size":1.165068507194519,"orthographic":false}